"ID","OTU_Richness_Sample","NES27_Richness","MH3_B_Richness","Acau16_Richness","MO_G47_Richness","laccatum_Richness","acnaGlo2_Richness","MO_Ar1_Richness","leptoticha_Richness","Whitfield_type_7_Richness","Torrecillas12b_Glo_G5_Richness","Sanchez_Castro12b_GLO12_Richness","Winther07_D_Richness","MO_G18_Richness","intraradices_Richness","Alguacil12a_Para_1_Richness","Douhan9_Richness","Alguacil12b_GLO_G3_Richness","Glo39_Richness","Alguacil10_Glo1_Richness","Ligrone07_sp_Richness","PT6_Richness","MO_G41_Richness","MO_GB1_Richness","A1_Richness","Liu2012b_Phylo_5_Richness","Yamato09_C1_Richness","acnaGlo7_Richness","MO_G7_Richness","Alguacil10_Glo6_Richness","Alguacil12b_PARA1_Richness","Glo58_Richness","lamellosum_Richness","VeGlo18_Richness","Liu2012a_Ar_1_Richness","Div_Richness","fennica_Richness","Voyriella_parviflora_symbiont_type_1_Richness","Para1_OTU2_Richness","Whitfield_type_3_Richness","Aca_Richness","MO_G20_Richness","Glo7_Richness","MO_GC1_Richness","Winther07_B_Richness","mosseae_Richness","caledonium_Richness","brasilianum_Richness","Alguacil09b_Glo_G8_Richness","Schechter08_Arch1_Richness","Wirsel_OTU21_Richness","Glo71_Richness","spurca_Richness","Glo59_Richness","Wirsel_OTU16_Richness","Glo32_Richness","MO_A8_Richness","MO_G27_Richness","MO_G5_Richness","Glomussp_Richness","Archaeosporasp_Richness","Diversisporasp_Richness","Paraglomussp_Richness","NES27_Read_Abundance","MH3_B_Read_Abundance","Acau16_Read_Abundance","MO_G47_Read_Abundance","laccatum_Read_Abundance","acnaGlo2_Read_Abundance","MO_Ar1","leptoticha_Read_Abundance","Whitfield_type_7_Read_Abundance","Torrecillas12b_Glo_G5_Read_Abundance","Sanchez_Castro12b_GLO12_Read_Abundance","Winther07_D_Read_Abundance","MO_G18_Read_Abundance","intraradices_Read_Abundance","Alguacil12a_Para_1_Read_Abundance","Douhan9_Read_Abundance","Alguacil12b_GLO_G3_Read_Abundance","Glo39_Read_Abundance","Alguacil10_Glo1_Read_Abundance","Ligrone07_sp_Read_Abundance","PT6_Read_Abundance","MO_G41_Read_Abundance","A1_Read_Abundance","Liu2012b_Phylo_5_Read_Abundance","Yamato09_C1_Read_Abundance","MO_G7_Read_Abundance","Alguacil10_Glo6_Read_Abundance","Alguacil12b_PARA1_Read_Abundance","Glo58_Read_Abundance","lamellosum_Read_Abundance","VeGlo18_Read_Abundance","Liu2012a_Ar_1_Read_Abundance","Div_Read_Abundance","fennica_Read_Abundance","Voyriella_parviflora_symbiont_type_1_Read_Abundance","Para1_OTU2_Read_Abundance","Whitfield_type_3_Read_Abundance","Aca_Read_Abundance","MO_G20_Read_Abundance","Glo7_Read_Abundance","MO_GC1_Read_Abundance","Winther07_B7_Read_Abundance","mosseae_Read_Abundance","caledonium_Read_Abundance","brasilianum_Read_Abundance","Alguacil09b_Glo_G8_Read_Abundance","Schechter08_Arch1_Read_Abundance","Wirsel_OTU21_Read_Abundance","Glo71_Read_Abundance","spurca_Read_Abundance","Glo59_Read_Abundance","Wirsel_OTU16_Read_Abundance","Glo32_Read_Abundance","MO_A8_Read_Abundance","MO_G27_Read_Abundance","MO_G5_Read_Abundance","Glomussp_Read_Abundance","Archaeosporasp_Read_Abundance","Diversisporasp_Read_Abundance","Paraglomussp_Read_Abundance","Read_Abundance_Sample","#SampleID","BarcodeSequence","LinkerPrimerSequence","Location","Project","Year","Site","Treat","Rep","HL","TSDel","Description"
"MM933M",130,9,4,1,0,12,11,1,3,3,9,9,1,0,0,4,1,1,3,1,0,2,1,0,1,0,1,0,0,1,2,1,3,0,1,1,1,0,1,0,0,1,0,0,0,1,1,0,1,0,0,0,0,0,1,0,0,1,1,13,16,1,3,0,13.8731,3.7802,0,77.6862,63.5668,2.8816,13.2127,13.8353,67.52,76.8618,6.4946,0,0,28.4424,10.235,2.8816,18.0629,5.0377,0,5.7632,5.0377,2.8816,0,2.8816,0,3.7802,5.7632,6.151,12.8366,0,2.8816,10.164,7.8474,0,2.8816,0,0,3.7802,0,0,0,8.3195,5.2934,0,3.7802,0,0,0,0,0,4.3297,0,0,4.7267,4.7267,95.1801,154.7074,13.034,14.8603,833.7869,5,"ATCCCGTATCGATTGG",NA,"E1","MM-Salvage","2015","WL","O","5",0.26445447,NA,"RecipientPre"
"MM9362CU",167,11,4,1,0,17,15,2,3,2,12,14,3,0,1,5,1,1,4,1,0,2,0,0,0,1,3,0,0,1,3,1,4,1,1,0,3,1,1,1,0,1,0,0,0,1,1,1,0,0,1,0,0,1,1,1,0,1,1,15,13,3,4,0,9.6662,7.9631,0,89.7367,116.002,13.1906,15.0458,10.9385,85.3482,73.145,12.8325,0,4.7138,30.9235,5.168,1.5567,32.1172,6.6992,0,3.1134,0,0,1.5567,13.5632,0,2.7709,18.5031,8.4292,10.7354,5.0879,1.5567,0,16.6448,4.7138,8.3194,6.6992,0,1.5567,0,0,0,10.99,4.3517,6.2617,0,0,1.5567,0,0,7.4733,8.7551,6.2977,0,6.8766,5.2439,71.2978,48.521,18.3924,19.0128,886.0327,4,"GCAACCTTTCGATTGG",NA,"D1","MM-Salvage","2015","WL","O","4",0.739279162,NA,"RecipientPre"
"MM936M",105,6,4,1,0,6,7,3,2,2,8,7,2,0,1,3,1,0,4,1,0,2,0,0,0,0,0,0,0,1,0,0,4,0,1,0,2,0,1,1,0,0,0,0,1,1,1,0,1,1,0,0,0,0,1,1,0,1,1,15,8,1,2,0,31.9729,3.3956,0,26.3343,52.6969,10.1868,15.7734,24.941,72.7028,43.8708,6.7912,0,7.7178,34.449,3.3956,0,20.6828,5.8615,0,6.7912,0,0,0,0,0,4.3254,0,0,15.442,0,3.3956,0,6.7912,0,7.581,3.3956,0,0,0,0,10.219,8.0643,4.8861,0,4.8861,3.3956,0,0,0,0,5.2889,3.3956,0,4.3254,5.6034,117.6183,54.1959,12.238,12.7719,695.0015,3,"GCAACCTTAGAGTGTG",NA,"C1","MM-Salvage","2015","WL","O","3",0.26445447,NA,"RecipientPre"
"MM941M",121,5,4,1,0,7,10,0,1,3,9,12,3,0,1,3,1,0,4,1,1,2,1,0,1,0,0,0,0,1,0,0,4,1,1,0,1,1,1,1,1,1,1,0,1,1,1,0,0,0,0,0,0,0,1,1,1,1,1,15,9,1,2,0,12.6913,5.1109,0,44.3578,63.1901,0,4.4015,17.7806,70.6345,114.9387,13.4651,0,4.7994,20.5668,8.3058,0,23.3941,4.4015,9.996,11.091,9.6553,9.825,0,0,0,3.8503,0,0,14.697,2.947,2.947,0,7.2795,9.4629,4.4015,6.3494,2.947,2.947,2.947,0,4.4015,9.4211,2.947,0,0,0,0,0,0,0,2.947,15.207,3.8503,4.7994,5.7732,125.3506,44.9167,13.945,12.0393,788.3764,1,"GCAACCTTTGGGTGAT",NA,"A1","MM-Salvage","2015","WL","O","1",0.26445447,NA,"RecipientPre"
"MM943M",99,6,3,1,0,8,3,1,2,2,7,9,2,0,0,3,1,0,2,1,0,3,0,0,0,0,0,0,0,1,1,1,2,0,0,2,1,0,0,0,0,0,0,0,1,1,1,0,0,0,0,0,0,0,0,1,1,1,1,16,10,1,2,0,13.0897,3.1296,0,59.174,20.7585,5.0003,14.033,19.1941,58.8557,55.5911,13.9366,0,0,28.4957,5.5702,0,6.2592,5.5702,0,30.6556,0,0,0,0,0,4.0447,3.1296,3.1296,7.1743,0,0,13.2846,9.4324,0,0,0,0,0,0,0,6.145,8.1296,3.1296,0,0,0,0,0,0,0,0,4.0447,7.0529,5.0003,5.7883,103.8362,87.1494,9.6978,12.2191,678.3267,2,"GCAACCTTTACTGTGC",NA,"B1","MM-Salvage","2015","WL","O","2",0.739279162,NA,"RecipientPre"
"MMS700",151,11,4,1,0,12,11,2,2,2,11,16,2,0,1,3,1,0,2,1,0,1,1,0,0,0,3,1,0,0,3,0,6,0,1,0,2,1,0,1,0,1,0,0,0,1,1,1,0,0,0,0,0,0,1,1,0,1,1,20,13,3,4,3.9087,22.201,2.5041,0,67.2955,48.2501,16.8826,8.5154,8.9478,71.1061,91.9122,10.5125,0,2.5041,19.2025,3.371,0,7.9777,2.5041,0,10.865,6.8221,0,0,12.5768,0,0,11.0195,0,27.7956,0,4.8598,0,6.742,8.5137,0,3.371,0,5.5768,0,0,0,8.9687,2.5041,2.5041,0,0,0,0,0,0,5.4281,5.4281,0,5.4281,4.8598,119.1184,73.4597,18.6176,18.3299,805.4538,47,"GAAGATCCCTCTCAAG",NA,"G6","MM-Salvage","2017","WL","D","1",0.467864611,"B1A2C","RecipientPost"
"MMS701",158,13,4,2,0,18,10,2,2,2,13,19,3,0,1,5,1,0,2,1,0,0,1,0,0,0,2,0,0,0,3,0,3,0,0,0,3,1,0,0,0,0,0,0,0,1,1,1,1,0,0,1,0,0,1,0,1,1,1,20,11,2,4,0,13.9256,20.0807,0,130.3646,37.4419,10.8752,7.4676,7.7074,84.6099,99.446,15.7107,0,1.8745,24.7085,5.9619,0,3.749,3.1699,0,0,6.5999,0,0,10.8082,0,0,13.9317,0,7.8365,0,0,0,11.4418,7.5925,0,0,0,0,0,0,0,6.4318,3.1699,5.7638,5.534,0,0,1.8745,0,0,5.1565,0,6.8867,3.1699,5.6912,98.1435,59.5455,10.5632,17.8526,813.9395,48,"GAAGATCCAAGTCGGA",NA,"H6","MM-Salvage","2017","WL","D","2",0.871751151,"B2A3C","RecipientPost"
"MMS702",161,10,4,2,0,20,11,3,2,2,14,17,1,0,1,4,1,2,1,0,1,2,0,0,0,0,2,0,1,1,3,0,4,1,2,2,3,1,0,0,0,0,0,0,0,1,1,1,1,0,0,0,0,0,1,1,0,1,1,19,10,2,4,0,14.669,15.3515,0,134.1361,42.075,15.1805,10.5966,9.0886,88.4108,96.4894,7.5725,0,3.6819,20.8882,3.6819,6.4721,2.7902,0,2.7902,5.5804,0,0,0,7.3638,2.7902,2.7902,13.6477,0,14.0382,2.7902,8.5519,14.2163,11.0967,4.9348,0,0,0,0,0,0,0,6.0463,2.7902,3.6819,2.7902,0,0,0,0,0,4.6246,4.9348,0,6.17,5.1899,103.243,54.074,13.3745,17.4532,836.8849,49,"GAAGATCCTGGTAACC",NA,"A7","MM-Salvage","2017","WL","D","3",0.977699647,"B3A4C","RecipientPost"
"MMS703",138,15,2,0,1,11,10,2,4,2,10,14,2,1,1,2,1,3,4,1,0,1,0,1,0,0,3,0,1,2,3,0,5,1,1,1,3,0,0,1,0,0,0,0,0,1,0,0,1,0,0,0,0,0,1,1,0,1,1,12,6,1,2,0,5.158,0,3.4529,44.8926,46.1421,10.9633,12.9377,9.3663,64.0707,66.5777,9.5491,2.579,6.9701,13.2761,7.4523,15.929,16.2385,8.3193,0,2.579,0,0,0,10.9578,7.5703,18.7189,11.5195,0,38.4354,4.6935,9.4966,5.3505,11.1953,0,0,5.6654,0,0,0,0,0,9.224,0,0,7.6076,0,0,0,0,0,4.3855,3.9933,0,14.26,3.9933,60.1564,23.7685,3.9933,6.0319,733.9681,50,"GAAGATCCTGGGTGAT",NA,"B7","MM-Salvage","2017","PS","D","1",0.749554419,"ED","RecipientPost"
"MMS704",148,14,2,1,0,17,12,2,4,3,11,14,3,1,0,5,1,1,4,1,0,1,0,1,0,0,2,0,0,0,2,0,4,0,0,0,2,0,0,0,0,0,0,0,1,1,2,1,0,0,1,0,0,1,0,1,0,1,1,14,10,1,3,0,8.7766,6.3399,0,78.3002,52.0503,11.3753,18.22,13.1327,70.75,72.6095,13.4319,2.7472,0,22.0373,5.141,4.1813,12.7656,3.6356,0,2.7472,0,0,0,5.4944,0,0,8.5217,0,23.9594,0,0,0,6.9285,0,0,0,0,0,0,0,3.6356,8.2472,8.2119,4.1813,0,0,5.141,0,0,5.141,0,3.6356,0,5.5458,2.7472,62.7255,51.5519,5.9968,11.7404,701.9485,51,"GAAGATCCTACTGTGC",NA,"C7","MM-Salvage","2017","PS","D","2",0.680421242,"ED","RecipientPost"
"MMS705",151,10,2,1,1,8,10,2,3,3,12,16,2,0,0,3,1,0,4,1,0,1,1,1,1,0,3,0,0,1,3,1,4,1,0,1,3,0,1,1,0,0,2,1,1,1,2,1,0,0,0,0,1,1,1,1,0,1,1,18,9,3,4,0,8.265,6.5947,3.8118,39.1276,41.3129,9.6365,16.5342,10.3664,68.4894,84.3119,9.6365,0,0,21.5202,6.2271,0,15.4911,4.9743,0,4.7595,3.2773,2.419,0,9.5081,0,4.201,10.4558,5.7326,27.9936,2.419,0,8.9177,10.821,0,4.201,5.7326,0,0,5.6963,4.9743,2.419,9.0772,8.4681,3.8118,0,0,0,0,7.7122,8.2747,4.7595,3.8118,0,7.0382,2.419,85.132,42.1888,14.8142,14.0983,733.1922,52,"GAAGATCCAGAGTGTG",NA,"D7","MM-Salvage","2017","PS","D","3",0.588778782,"ED","RecipientPost"
"MMS706",183,19,4,0,1,14,13,4,3,3,12,19,2,1,1,5,1,2,4,1,0,0,0,0,0,0,3,0,1,1,3,0,8,1,2,1,2,1,2,1,0,0,1,1,0,1,2,1,0,1,1,0,0,0,1,1,0,1,1,17,11,3,4,0,11.7877,0,2.6124,61.0373,46.7998,20.0082,11.5975,12.9399,80.2066,97.1523,9.441,5.6321,7.3635,28.5432,1.8309,10.607,15.7614,8.2663,0,0,0,0,0,14.6946,4.986,1.8309,16.0026,0,44.1222,3.7853,7.3444,6.2803,9.1527,5.2019,7.3444,3.4893,0,0,6.5001,3.1165,0,10.269,9.8986,4.2405,0,1.8309,4.586,0,0,0,4.986,1.8309,0,7.1201,3.4893,73.9231,44.3444,7.9023,18.0359,867.5479,53,"GAAGATCCTCGATTGG",NA,"E7","MM-Salvage","2017","HH","D","1",0.794338266,"CB2","RecipientPost"
"MMS707",170,20,2,1,0,14,9,3,4,3,9,16,2,0,1,5,1,3,4,1,0,0,1,1,0,0,3,1,1,1,3,1,8,1,0,1,1,1,1,1,1,1,0,1,1,1,2,1,1,1,0,0,0,0,1,0,0,1,1,17,11,2,3,4.2419,11.9857,2.1967,0,52.0659,34.5687,15.005,17.111,14.2898,62.984,73.0435,11.2502,0,6.8542,23.6753,5.8666,22.2045,12.1902,9.4287,0,0,5.3372,0,0,10.9079,7.0227,4.7054,10.3021,2.1967,57.2952,4.2419,0,2.1967,6.8982,2.1967,3.9389,3.5549,3.0301,3.0301,0,2.1967,2.1967,10.057,10.7392,4.7054,4.4922,2.1967,0,0,0,0,3.9389,0,0,3.0301,3.0301,76.2145,42.1414,12.3672,14.5075,831.4404,54,"GAAGATCCTTGTGGAG",NA,"F7","MM-Salvage","2017","HH","D","2",0.612590941,"CB2","RecipientPost"
"MMS708",117,8,2,1,0,13,6,3,2,2,9,10,3,0,0,4,1,0,1,1,0,0,0,0,0,0,3,0,0,0,3,0,3,0,0,1,2,0,1,1,0,0,1,0,0,1,1,1,1,0,0,0,0,0,1,1,0,1,1,12,10,2,4,0,9.2732,4.4295,0,81.8676,25.722,21.4196,7.4021,10.2788,64.7017,72.9998,18.2086,0,0,21.2458,6.2544,0,2.9726,2.9726,0,0,0,0,0,10.3747,0,0,11.6779,0,11.5583,0,0,2.9726,6.8502,0,3.8776,2.9726,0,0,2.9726,0,0,6.5983,2.9726,2.9726,5.6131,0,0,0,0,0,3.8776,5.6131,0,3.8776,2.9726,79.9867,47.7271,11.4644,22.7953,637.8763,55,"GCAATGGTCTCTCAAG",NA,"G7","MM-Salvage","2017","HH","D","3",0.465654131,"CB2","RecipientPost"
"MMS709",183,16,4,1,0,17,11,3,3,3,11,20,2,0,1,5,1,0,3,1,1,1,1,0,0,1,3,0,1,1,3,1,5,0,1,1,3,0,2,0,0,0,0,0,1,1,2,1,1,1,0,0,0,0,1,1,0,1,1,24,14,3,3,0,30.6516,1.5567,0,65.4311,48.9917,22.1761,17.5971,12.0176,77.177,100.0112,11.8583,0,1.5567,34.1159,3.4207,0,4.6701,3.6611,4.7138,6.2617,1.5567,0,1.5567,15.6478,2.2879,2.7709,14.4418,1.5567,11.3503,0,3.8671,1.5567,10.0267,0,9.7169,0,0,0,0,0,1.5567,7.3585,4.3276,3.1321,5.6306,6.616,0,0,0,0,5.316,6.9689,0,5.168,4.7138,135.6596,72.7724,18.1622,12.9784,902.477,56,"GCAATGGTAAGTCGGA",NA,"H7","MM-Salvage","2017","WL","F","1",0.278461598,"B1A2C","RecipientPost"
"MMS710",185,18,4,2,1,13,13,3,3,3,13,21,3,1,0,5,1,1,2,1,0,2,0,0,0,0,3,1,0,1,3,1,3,0,2,2,2,1,1,0,1,1,0,0,1,1,2,1,0,1,0,0,1,1,1,1,1,1,1,17,14,3,5,6.152,13.9774,16.876,5.2441,78.6221,43.8606,15.7048,13.0057,14.0234,81.1045,98.0921,14.6635,2.2296,0,27.1572,8.5023,2.2296,7.1868,4.2817,0,12.6129,0,0,0,12.3757,0,4.5323,13.6381,5.8164,14.6677,0,4.4592,7.8434,7.0452,4.2817,2.2296,0,4.2817,3.067,0,0,3.067,8.9845,8.1257,3.067,0,6.4241,0,0,3.9782,3.5934,4.5323,3.5934,8.3475,6.8504,4.5323,99.1464,58.6144,14.4182,19.6349,883.3071,57,"GCAATGGTTGGTAACC",NA,"A8","MM-Salvage","2017","WL","F","2",0.489650197,"B1A2C","RecipientPost"
"MMS711",170,15,4,2,0,17,8,3,3,3,15,19,2,0,1,5,1,1,0,1,0,2,0,0,1,0,2,0,1,1,3,0,4,0,0,1,3,1,0,1,0,0,0,1,1,1,1,1,1,0,0,0,1,1,1,1,0,1,1,18,13,2,4,0,12.1389,18.3481,0,104.4158,31.1478,15.4913,14.9156,10.368,88.4193,96.9572,10.7183,0,3.6859,25.1861,6.1137,2.7938,0,2.7938,0,3.9764,0,1.9882,0,8.88,1.9882,2.7938,12.1771,0,8.7584,0,0,7.0067,7.5758,3.3077,0,1.9882,0,0,0,2.7938,3.3077,6.1137,3.3077,4.233,3.9852,0,0,0,4.4444,1.9882,3.6859,6.1743,0,6.539,3.9852,93.1191,69.2434,13.9946,19.8746,823.8411,58,"GCAATGGTTGGGTGAT",NA,"B8","MM-Salvage","2017","WL","F","3",0.76069732,"B1A2C","RecipientPost"
"MMS712",179,25,3,0,1,13,14,3,2,3,9,17,3,2,1,3,1,3,4,1,1,2,1,1,0,1,2,0,1,2,3,0,7,1,1,1,3,0,1,1,0,0,0,0,1,1,1,0,1,0,0,0,0,0,1,1,1,1,1,15,12,3,2,0,8.3772,0,4.2868,46.9865,59.3699,12.5167,8.5206,14.9335,58.988,85.9547,9.8429,18.2023,8.5076,17.0749,6.2997,18.8545,17.8951,10.226,2.2338,6.7712,2.2338,0,2.2338,8.27,7.1843,16.5997,12.6078,0,49.5087,7.0697,11.123,7.2206,10.5038,0,4.2868,5.2493,0,0,0,0,3.5983,8.7991,3.0717,0,6.6043,0,0,0,0,0,5.506,2.2338,2.2338,12.817,3.9832,70.518,46.7112,13.1249,8.8242,953.0771,59,"GCAATGGTTACTGTGC",NA,"B9","MM-Salvage","2017","PS","F","1",1.04997583,"ED","RecipientPost"
"MMS713",181,19,3,2,1,18,12,2,3,3,13,19,1,1,1,5,1,1,1,1,1,1,1,0,0,1,3,1,0,0,3,0,6,0,2,1,3,1,1,1,0,0,0,0,0,1,2,1,0,0,1,0,0,0,1,1,0,1,1,19,14,2,4,4.0638,9.9507,20.1259,5.02,130.6898,50.019,12.1885,15.66,11.269,98.1057,103.3386,7.5911,2.0513,2.0513,25.9465,5.8481,2.0513,2.0513,4.8729,5.9248,2.0513,6.0669,0,6.0669,9.4415,0,0,12.849,0,16.2244,0,8.0923,3.7633,8.1664,3.3832,4.7091,5.3882,0,0,0,0,0,8.7647,6.1151,3.7633,0,0,5.6813,0,0,0,5.1534,4.7091,0,6.315,4.3124,101.7582,78.3117,9.1808,12.575,926.7968,60,"GCAATGGTAGAGTGTG",NA,"B10","MM-Salvage","2017","PS","F","2",0.81719817,"ED","RecipientPost"
"MMS714",171,16,4,1,0,15,9,3,4,3,12,17,3,0,1,5,1,1,2,1,1,0,0,0,0,1,3,1,1,1,3,0,7,0,2,1,2,1,2,0,0,0,0,0,0,1,2,1,1,0,1,0,1,0,1,0,0,1,1,18,12,3,3,8.078,18.058,3.6483,0,66.2209,37.2215,13.525,15.2532,11.7436,78.1801,94.0142,12.1862,0,4.8034,29.9211,7.5658,4.8034,5.3965,6.6582,2.2768,0,0,0,2.2768,7.6733,2.2768,2.2768,10.4163,0,46.6139,0,15.8505,6.9991,5.9251,5.3024,7.8361,0,0,0,0,0,0,7.2384,7.154,2.2768,5.5593,0,4.8034,0,2.2768,0,4.5896,0,0,5.5593,4.3385,105.8814,56.3003,14.3433,9.708,856.951,61,"GCAATGGTTCGATTGG",NA,"B11","MM-Salvage","2017","PS","F","3",0.392929843,"ED","RecipientPost"
"MMS715",172,20,3,1,1,13,11,2,4,3,8,16,1,2,1,4,1,3,4,1,0,0,0,1,0,0,2,1,0,2,3,0,7,1,1,3,2,0,1,1,1,0,2,1,0,1,2,1,1,1,0,0,1,0,1,1,0,1,1,16,10,3,4,8.0758,12.9419,2.1967,5.4598,46.3807,45.733,19.1176,15.0075,14.8702,49.5485,73.1725,4.7054,14.5529,6.8542,19.0707,7.5498,14.4771,17.9018,8.2892,0,0,0,0,0,10.4651,0,4.3934,9.1657,0,41.6706,4.2419,3.9389,13.9662,6.0602,0,2.1967,3.0301,7.9767,0,10.658,4.7054,0,10.87,8.2334,2.1967,3.5549,6.7619,0,0,2.1967,0,3.0301,3.5549,0,6.3193,3.9389,65.5508,43.5063,18.0376,16.5976,834.6406,62,"GCAATGGTTTGTGGAG",NA,"B12","MM-Salvage","2017","HH","F","1",0.571298249,"CB2","RecipientPost"
"MMS716",196,20,4,1,1,16,14,2,4,3,11,19,3,0,1,5,1,3,3,1,1,2,1,1,0,0,3,0,1,0,3,0,5,1,2,0,3,0,1,1,0,0,0,1,1,1,2,1,1,1,0,0,1,0,1,1,1,1,1,21,16,3,4,0,10.9707,2.4326,4.2169,65.6903,50.26,10.6439,13.9828,12.4788,78.3506,83.471,15.975,0,3.2924,26.2834,3.6702,16.678,10.2422,6.6329,2.4326,3.2778,4.9906,0,0,10.9983,3.0586,0,14.5656,0,30.3633,2.4326,2.6046,0,12.1627,0,5.0556,5.8985,0,0,0,1.3023,1.3023,11.105,10.4343,5.1179,3.0586,5.3942,0,0,5.29,0,4.9906,5.6683,1.3023,4.6964,3.4936,99.1678,54.7773,14.7418,17.6707,886.7238,39,"ATGCTTGGCTCTCAAG",NA,"G5","MM-Salvage","2017","HH","F","2",0.722993738,"CB2","RecipientPost"
"MMS717",156,15,3,1,2,15,7,3,3,2,11,17,2,0,0,5,1,0,3,1,0,0,1,0,0,0,2,0,0,1,3,1,4,0,1,2,3,1,2,1,0,1,0,0,0,1,1,1,1,1,0,0,1,0,1,1,0,1,1,15,9,3,4,0,17.2988,2.2768,10.0748,61.3857,26.1153,18.0651,12.0211,9.4256,77.0504,85.042,11.3537,0,0,29.8854,6.211,0,8.8921,2.2768,0,0,4.3385,0,0,10.7701,0,2.2768,14.5785,2.2768,10.793,0,4.5896,7.9492,12.7332,3.1197,4.5536,2.2768,0,2.2768,0,0,0,8.0364,3.6483,5.3024,5.1544,6.3535,0,0,2.2768,0,4.8034,4.5896,0,6.4832,5.1544,90.9003,38.6775,18.154,14.4506,734.08,40,"ATGCTTGGAAGTCGGA",NA,"H5","MM-Salvage","2017","HH","F","3",0.606088302,"CB3","RecipientPost"
"MMS890",156,11,4,1,2,11,12,2,3,2,11,18,2,0,1,5,1,3,3,1,0,1,0,0,0,0,2,0,0,1,3,0,3,1,1,0,3,1,2,1,0,1,0,0,1,1,2,1,1,0,1,0,0,0,1,1,0,1,1,15,10,3,3,0,15.1321,2.8855,14.3311,51.7745,56.7445,14.5387,17.2191,7.2443,78.1462,93.1547,14.4599,0,2.0686,31.9054,6.7338,8.8683,7.8396,4.0853,0,2.0686,0,0,0,13.2883,0,2.8855,16.6491,0,9.2882,2.0686,6.0201,0,17.1842,3.7845,8.5796,3.4039,0,2.0686,0,0,2.8855,7.4653,4.9541,5.4105,6.0894,0,6.6898,0,0,0,5.8706,2.8855,0,6.7338,4.0853,81.8224,40.7272,14.8365,15.4559,780.4333,36,"GAGATCGTAGAGTGTG",NA,"D5","MM-Salvage","2015","DS","O","3",0.669102245,NA,"Donor"
"MMS891",163,14,2,1,0,15,11,2,2,2,10,19,3,1,0,5,1,1,2,1,1,1,0,1,1,1,3,0,0,0,3,0,6,0,0,1,3,1,2,1,0,1,0,0,1,1,1,1,1,0,0,0,0,0,1,1,1,1,1,16,13,3,3,0,12.4078,2.5495,0,63.133,50.818,12.1945,11.2612,13.7976,75.7951,89.4652,16.5006,2.5495,0,27.338,3.9601,2.5495,6.5096,3.4207,3.4207,2.5495,0,6.1077,9.1148,11.2529,0,0,15.0416,0,33.8395,0,0,8.2149,15.0103,7.9854,9.442,4.3517,0,9.8045,0,0,3.9601,7.4574,3.9601,3.4207,5.4819,0,0,0,0,0,4.9129,3.4207,7.2885,6.5428,5.4819,109.4783,61.6299,16.5327,15.1418,852.9074,41,"ATGCTTGGTGGTAACC",NA,"A6","MM-Salvage","2015","DS","O","4",0.518802467,NA,"Donor"
"MMS900",167,12,3,1,1,15,11,3,3,3,13,14,3,1,1,4,1,2,4,1,0,0,0,1,0,0,2,0,0,0,3,0,6,1,1,3,2,1,2,1,1,0,1,1,1,1,2,1,1,0,0,1,1,0,1,1,0,1,1,14,12,3,3,0,11.9083,2.1266,2.1266,105.5897,38.1889,19.6575,12.6318,15.3509,83.6934,78.8523,15.224,2.1266,5.6866,20.6293,6.4683,5.5992,10.7859,7.9471,0,0,0,0,0,6.806,0,0,12.4175,0,26.1571,2.9512,3.8548,11.4071,9.3743,4.8041,7.4983,4.4061,2.1266,0,4.8041,3.4726,2.1266,11.112,7.7157,4.6188,5.2493,0,0,2.1266,3.8548,0,4.9682,2.1266,0,7.8452,4.4061,71.2218,53.9869,17.7093,15.0532,825.6715,7,"CAGGGTTTCTCTCAAG",NA,"G1","MM-Salvage","2017","HH","C","1",0.920564376,"CB2","RecipientPost"
"MMS901",144,17,3,1,2,9,6,3,2,3,8,13,2,0,1,5,1,2,2,1,0,0,1,1,0,0,3,1,0,0,2,0,7,1,0,1,2,1,0,0,0,0,2,0,1,1,2,1,0,0,0,0,0,0,1,0,0,1,1,14,12,3,4,3.9666,14.8003,2.5553,8.5646,35.6496,24.7961,21.3978,6.9137,13.4343,55.9569,63.1215,9.6041,0,5.8957,21.9263,4.3584,17.7774,8.8863,7.6856,0,0,4.6662,0,0,11.1881,0,0,9.1019,0,49.0112,2.5553,0,5.3228,5.1106,2.5553,0,0,0,0,9.6041,0,2.5553,8.5191,8.0933,4.6662,0,0,0,0,0,0,4.3584,0,0,4.6662,7.1042,75.3734,49.7487,15.2407,13.2039,721.5021,8,"CAGGGTTTAAGTCGGA",NA,"H1","MM-Salvage","2017","HH","T","1",0.379873702,"CB2","RecipientPost"
"MMS902",171,19,4,1,2,9,14,3,3,3,9,16,2,2,1,4,0,3,3,1,0,0,0,1,0,0,3,1,1,0,3,0,7,1,1,1,2,0,2,1,1,0,0,1,1,1,2,1,1,1,0,0,1,1,1,1,0,1,1,17,9,2,4,5.9729,17.3017,1.6815,6.9493,33.9335,53.3315,21.0148,13.9984,12.2218,64.4338,76.6743,11.8803,16.1995,6.0228,25.429,0,22.0356,13.4165,8.2241,0,0,0,0,0,14.8197,4.3832,0,14.8032,0,54.1656,3.2972,4.2219,4.8923,6.8202,0,4.874,3.2972,7.4177,0,0,1.6815,1.6815,9.9704,6.8202,4.0402,6.1627,7.5253,0,0,7.5763,2.437,4.9957,2.9303,0,7.4903,4.3832,83.9677,40.8259,13.4146,16.8693,858.7565,9,"CAGGGTTTTGGTAACC",NA,"A2","MM-Salvage","2017","HH","S","1",0.75088096,"CB2","RecipientPost"
"MMS903",186,19,4,1,2,15,12,2,3,3,12,18,3,1,1,4,1,2,3,1,0,1,1,1,0,0,3,0,1,2,3,0,6,1,1,1,3,1,2,1,0,1,1,0,0,1,2,1,1,0,0,0,0,0,1,1,0,1,1,18,15,2,4,0,17.9533,14.111,5.7993,66.4891,51.9636,15.3171,19.0614,15.0502,93.7183,89.2242,15.3582,5.9159,7.2082,27.9164,4.5157,12.7532,12.971,9.3465,0,2.0444,6.5661,0,0,10.8001,7.3805,8.3418,17.4225,0,38.1017,4.8642,2.0444,2.0444,13.2034,6.5177,8.6191,5.3794,0,4.8642,2.0444,0,0,11.007,9.5391,4.5157,2.0444,0,0,0,0,0,6.2479,5.9159,0,9.056,4.0553,85.1178,56.3885,13.6911,24.9536,943.3916,10,"CAGGGTTTTGGGTGAT",NA,"B2","MM-Salvage","2017","HH","C","2",0.920564376,"CB2","RecipientPost"
"MMS904",178,16,4,1,2,17,10,3,3,3,10,19,3,1,1,4,1,0,4,1,0,2,1,1,0,0,3,0,1,0,3,0,7,1,0,2,3,0,1,1,0,1,0,0,1,1,2,1,1,0,0,0,0,0,1,0,1,1,1,18,13,3,4,0,16.3824,3.7004,8.4304,70.4345,55.5644,21.8266,13.9899,16.5053,85.2414,96.158,16.3837,2.3219,6.5392,27.0547,5.4919,0,13.8361,8.8734,0,4.6438,7.2574,0,0,16.1559,7.3309,0,15.359,0,43.3317,4.3923,0,5.4918,16.1559,0,5.2095,5.2095,0,2.3219,0,0,2.3219,11.757,12.4911,4.858,3.1699,0,0,0,0,0,6.1898,0,2.3219,8.8106,5.2095,89.5478,55.4504,20.9482,22.8827,915.9431,11,"CAGGGTTTTACTGTGC",NA,"C2","MM-Salvage","2017","HH","T","2",0.64903371,"CB2","RecipientPost"
"MMS905",193,16,4,1,1,16,12,3,4,3,12,23,2,1,1,5,1,3,3,1,0,0,1,1,0,0,3,1,1,2,3,0,7,1,0,2,3,1,1,1,1,0,0,0,1,1,2,1,1,1,0,0,0,0,1,1,0,1,1,20,14,3,4,4.1544,17.8105,2.9491,4.0113,63.8003,44.1645,23.0371,16.5083,14.7547,73.9444,110.9971,9.9731,1.4226,7.3578,23.3356,6.1617,16.1242,8.7311,8.8397,0,0,7.2504,0,0,14.0607,1.4226,5.19,14.5954,0,40.1005,4.514,0,4.0176,13.0967,5.1133,4.9659,3.6741,5.5354,0,0,0,1.4226,10.07,9.0995,4.2845,6.0923,4.1544,0,0,0,0,4.9659,5.7756,0,5.3094,3.8525,89.5055,54.0093,16.7622,20.1488,887.893,12,"CAGGGTTTAGAGTGTG",NA,"D2","MM-Salvage","2017","HH","S","2",0.75088096,"CB2","RecipientPost"
"MMS906",152,16,4,1,1,13,9,3,3,3,10,16,3,0,0,4,1,0,0,0,0,0,0,0,0,0,2,0,1,0,3,0,6,0,1,0,3,0,0,0,0,0,0,0,0,1,1,1,1,0,1,0,0,0,1,1,0,1,1,20,13,3,3,0,12.2422,2.6217,5.5666,67.3555,36.6511,20.3943,16.1485,12.3784,74.7092,100.0323,16.0545,0,0,24.3743,6.9016,0,0,0,0,0,0,0,0,10.6131,3.4994,0,14.4276,0,17.1497,0,5.5666,0,13.2901,0,0,0,0,0,0,0,0,5.4004,4.0412,4.0412,4.0412,0,2.6217,0,0,0,5.2127,6.9624,0,7.3291,3.4994,104.9979,71.8201,13.7399,13.1463,776.0525,13,"CAGGGTTTTCGATTGG",NA,"E2","MM-Salvage","2017","HH","C","3",0.807633892,"CB2","RecipientPost"
"MMS907",170,16,3,1,0,15,11,2,2,3,12,18,3,1,1,5,1,2,1,1,0,1,1,0,0,1,2,1,0,0,3,0,7,0,0,1,3,1,0,0,0,1,0,0,0,1,2,1,1,0,1,0,0,0,1,1,1,1,1,18,14,3,3,3.0165,9.2454,3.0165,0,69.5963,44.2669,12.1752,7.8927,12.0465,79.7334,110.8873,14.1922,2.1846,2.1846,23.6401,5.9374,6.6621,2.1846,3.9245,0,2.1846,6.6982,0,2.1846,9.5869,0,0,12.7875,0,22.1996,0,0,3.5408,14.6769,2.1846,0,0,0,2.1846,0,0,0,7.6408,5.7254,3.9245,6.2378,0,3.9245,0,0,0,3.9245,6.4863,5.3222,6.5422,4.2273,90.9916,69.158,14.3732,12.3857,798.9766,14,"CAGGGTTTTTGTGGAG",NA,"F2","MM-Salvage","2017","HH","T","3",0.841849598,"CB2","RecipientPost"
"MMS908",158,16,3,0,1,11,10,3,2,3,11,18,2,0,1,5,0,1,1,1,0,1,0,0,0,0,3,1,0,1,3,0,4,0,1,0,3,0,2,0,0,0,1,0,1,1,2,1,1,1,0,1,0,0,1,0,1,1,1,18,12,3,4,3.217,16.8347,0,4.1373,55.7318,50.1814,17.8992,11.6647,15.4129,81.8573,115.4447,11.5635,0,3.217,30.4699,0,2.3644,2.3644,4.4427,0,2.3644,0,0,0,13.1387,0,2.3644,14.9383,0,11.1628,0,5.8849,0,15.1486,0,8.1442,0,0,0,3.217,0,2.3644,7.8142,6.1137,4.6947,6.9228,6.7106,0,6.8726,0,0,5.9828,0,3.217,6.242,3.7493,99.1849,59.5455,16.2126,18.4407,826.0264,15,"TGTTGGAGCTCTCAAG",NA,"G2","MM-Salvage","2017","HH","S","3",0.231053316,"CB2","RecipientPost"
"MMS909",155,19,2,1,2,10,12,2,3,2,11,14,1,0,1,4,1,3,3,1,0,0,1,1,0,0,3,0,1,2,3,0,5,1,1,1,3,0,1,1,0,1,2,0,1,1,1,0,0,0,0,1,0,0,1,1,1,1,1,13,7,3,2,0,7.795,3.2278,8.4667,45.1991,50.3887,11.2516,14.1021,8.6487,72.609,75.3045,5.1074,0,6.9833,20.8448,6.9833,20.1437,10.9769,8.5445,0,0,3.2278,0,0,11.1369,7.3591,19.1465,15.6052,0,39.98,5.4209,3.7605,2.3741,14.0559,0,4.9207,6.0863,0,2.3741,19.3336,0,2.3741,9.7876,2.3741,0,0,0,0,2.3741,0,0,5.2727,3.7605,2.3741,14.216,5.8967,60.4084,28.1863,13.6917,7.934,815.6505,16,"TGTTGGAGAAGTCGGA",NA,"H2","MM-Salvage","2017","PS","C","1",1.409994401,"ED","RecipientPost"
"MMS910",156,16,1,0,2,9,12,2,2,3,10,14,2,2,1,2,1,3,4,1,0,0,1,1,0,0,3,0,1,2,3,0,6,1,2,1,2,0,1,1,0,1,0,1,1,1,2,0,1,1,0,0,1,0,1,1,0,1,1,16,11,1,3,0,4.8928,0,7.3423,37.1004,64.1931,9.4465,6.4727,14.9601,72.9369,79.1596,8.6194,18.2391,8.9196,13.9231,2.5322,22.4111,23.3308,10.409,0,0,2.5322,0,0,10.8046,8.4124,18.8636,11.5442,0,56.7639,7.8497,5.0644,7.992,8.0412,0,4.8928,7.1753,0,2.5322,0,2.5322,4.3319,9.2831,5.0644,0,7.8793,2.5322,0,0,3.4018,0,5.2956,5.1082,0,14.073,3.9405,74.7335,37.5657,6.1853,9.7038,871.573,17,"TGTTGGAGTGGTAACC",NA,"A3","MM-Salvage","2017","PS","T","1",0.892554777,"ED","RecipientPost"
"MMS911",165,16,2,0,1,10,10,3,4,3,9,17,2,2,1,4,1,3,4,1,1,1,1,1,0,0,2,1,0,2,3,0,7,1,2,1,1,1,2,1,0,0,2,0,0,1,2,1,1,1,0,0,0,0,1,0,0,1,1,17,9,3,3,7.4346,9.6456,0,2.3219,49.1084,40.6507,14.214,15.7765,13.5242,60.9119,85.7988,11.2342,9.2878,8.5736,19.986,2.3219,18.7682,13.7757,10.846,4.0875,2.3219,6.1085,0,0,7.5622,0,14.3421,11.6497,0,49.4121,6.6582,6.9658,5.2095,4.6439,2.3219,6.4094,5.3576,0,0,7.8138,0,0,10.235,7.2574,3.1699,4.3923,2.3219,0,0,0,0,4.3923,0,0,11.14,3.1699,75.1807,36.2043,16.2936,11.5722,835.5708,18,"TGTTGGAGTGGGTGAT",NA,"B3","MM-Salvage","2017","PS","S","1",0.717873175,"ED","RecipientPost"
"MMS912",181,16,3,2,2,19,12,3,4,3,13,17,3,1,1,4,1,0,1,1,0,2,1,1,0,0,3,1,1,1,3,0,4,0,1,1,3,1,0,0,0,1,1,0,1,1,1,1,1,0,1,1,0,0,1,1,0,1,1,18,14,3,3,2.1806,7.3733,12.2416,8.4134,96.9813,47.5834,15.3476,21.8306,14.3851,88.2528,81.2014,15.6878,5.3172,3.9197,26.9348,6.2328,0,3.5361,4.4726,0,9.7689,6.962,0,0,14.412,2.1806,2.1806,12.1704,0,12.813,0,5.755,5.9324,15.1144,7.8933,0,0,0,3.5361,6.5372,0,2.1806,7.8498,3.5361,3.5361,5.755,0,7.322,5.3172,0,0,5.4397,2.1806,0,6.8338,5.0357,91.7118,53.7895,12.9375,13.9743,874.034,19,"TGTTGGAGTACTGTGC",NA,"C3","MM-Salvage","2017","PS","C","2",0.486958755,"ED","RecipientPost"
"MMS913",174,17,4,1,2,13,12,2,3,3,12,18,2,0,1,5,1,0,3,1,0,2,1,1,0,0,2,0,1,1,3,0,7,0,1,1,3,1,2,1,0,1,0,0,0,1,2,1,1,0,0,0,0,0,1,0,0,1,1,19,11,2,5,0,15.3653,1.9537,3.9074,62.7907,53.7775,10.99,18.7858,14.9077,89.5798,98.9184,11.695,0,4.7475,31.7069,6.5824,0,7.1735,6.1866,0,3.9074,7.4618,0,0,12.6789,5.149,1.9537,15.0332,0,19.3416,0,1.9537,1.9537,19.281,5.797,6.0204,4.1891,0,2.7543,0,0,0,9.0569,5.2198,5.0272,6.7458,0,0,0,0,0,5.6395,0,0,7.9715,4.8941,109.8886,46.1146,9.1971,20.3978,860.8711,20,"TGTTGGAGAGAGTGTG",NA,"D3","MM-Salvage","2017","PS","T","2",1.090630144,"ED","RecipientPost"
"MMS914",168,20,2,2,1,12,14,2,3,3,12,15,2,0,1,5,1,0,4,1,1,1,1,1,0,0,2,0,0,1,3,0,5,1,1,1,2,1,1,1,0,0,1,0,1,1,0,1,1,0,0,0,0,0,1,1,0,1,1,18,12,3,3,0,9.4486,15.564,1.6815,58.6087,57.4764,9.6205,12.454,10.7558,77.3421,69.7807,10.6829,0,5.4243,25.3187,2.9303,0,14.284,7.5763,5.7544,4.0402,6.249,0,0,10.3961,0,1.6815,12.1187,0,23.3237,4.2219,4.7808,1.6815,8.4925,5.6941,3.8324,5.1827,0,0,2.9303,0,1.6815,6.6166,0,3.8324,3.2972,0,0,0,0,0,4.6601,2.437,0,5.0922,3.8324,88.6583,53.7527,11.1872,11.5901,781.6604,21,"TGTTGGAGTCGATTGG",NA,"E3","MM-Salvage","2017","PS","S","2",0.969713398,"ED","RecipientPost"
"MMS915",166,14,2,1,1,10,15,2,2,3,10,17,2,1,1,3,1,1,4,1,0,1,1,1,0,0,2,1,0,1,3,0,7,1,0,1,2,0,1,1,0,0,2,1,1,1,2,1,1,0,1,1,1,1,1,1,0,1,1,14,14,3,4,2.0175,7.9919,2.0175,2.0175,41.2832,74.8079,8.0404,9.0998,11.8946,62.6085,78.8092,8.3736,2.0175,5.2321,20.9778,11.556,2.0175,22.9226,7.142,0,11.16,7.523,0,0,7.0973,0,2.0175,9.6304,0,43.468,4.8298,0,9.5759,6.2875,0,3.3429,3.3429,0,0,15.0872,5.9536,2.8273,9.2031,4.8448,2.8273,2.8273,0,6.3268,9.3247,5.5463,8.531,5.1101,6.3805,0,6.1522,4.4817,68.3911,55.9049,13.0812,14.975,802.3005,22,"TGTTGGAGTTGTGGAG",NA,"F3","MM-Salvage","2017","PS","C","3",0.926449262,"ED","RecipientPost"
"MMS916",156,11,3,1,0,9,12,2,2,3,12,19,2,0,1,5,1,0,2,1,1,0,1,0,0,0,3,0,0,0,3,0,5,0,1,1,3,1,2,1,1,0,0,1,0,1,2,1,1,0,1,0,1,0,1,1,0,1,1,20,8,3,4,0,10.417,2.8464,0,40.3033,43.843,14.6073,7.6539,12.5321,73.3355,94.8819,10.1761,0,2.0342,28.9091,4.8512,0,5.3971,3.3629,3.3629,0,4.8512,0,0,9.6881,0,0,12.5371,0,16.7696,0,5.568,7.3939,10.0122,4.291,4.8806,4.291,6.0447,0,0,4.291,0,9.2103,11.8089,4.291,3.7424,0,4.9982,0,5.3662,0,5.6592,4.6875,0,6.3486,2.8464,99.2833,30.2553,15.0334,12.6656,721.3801,23,"TCTGCCTACTCTCAAG",NA,"G3","MM-Salvage","2017","PS","T","3",0.404105494,"ED","RecipientPost"
"MMS917",127,14,1,2,0,9,8,3,3,3,7,13,0,0,1,3,1,2,2,1,1,0,0,1,1,0,1,1,0,0,0,0,5,1,0,0,2,1,2,1,0,0,0,1,1,1,1,0,0,0,1,0,0,0,0,1,0,1,1,15,10,3,1,5.1699,8.1085,6.0444,0,42.3323,41.4979,19.9062,10.3782,14.5469,46.4945,69.5113,0,0,5.1699,21.6686,2.585,10.0444,8.4136,8.0553,4,0,0,2.585,0,5.1699,0,0,0,0,30.815,4.9542,0,0,5.17,2.585,5.17,4,0,0,0,2.585,3.4594,7.9715,4.3923,0,0,0,5.5236,0,0,0,0,4,0,2.585,5.9307,89.7688,49.382,13.8733,4,666.2005,24,"TCTGCCTAAAGTCGGA",NA,"H3","MM-Salvage","2017","PS","S","3",0.790782847,"ED","RecipientPost"
"MMS918",148,9,3,2,0,12,8,4,2,2,11,17,0,0,0,3,1,1,4,0,1,1,1,1,1,0,1,1,1,0,0,0,7,0,0,1,1,1,1,1,0,0,0,1,0,1,2,0,1,0,0,1,0,1,0,1,1,1,1,21,11,2,3,6.3812,22.4355,10.9388,0,69.6578,38.5305,29.7875,12.0219,7.9505,53.48,101.9263,0,0,0,21.9529,10.815,3.6741,17.4852,0,5.8299,12.26,7.8481,7.0591,0,5.7533,3.6741,0,0,0,34.573,0,0,10.877,4.7798,7.8844,1.9786,3.2962,0,0,0,6.4795,0,11.814,12.2863,0,1.9786,0,0,4.4322,0,3.6741,0,7.6082,5.6724,3.2962,3.6741,124.7761,49.8985,16.486,9.2513,823.1098,25,"TCTGCCTATGGTAACC",NA,"A4","MM-Salvage","2017","WL","C","1",0.562342565,"CB2","RecipientPost"
"MMS919",173,13,4,1,2,15,11,2,2,3,12,18,2,0,1,4,1,2,3,1,1,1,1,0,0,0,3,1,0,1,3,0,7,1,0,1,2,0,1,1,0,0,0,0,1,1,2,1,1,0,0,0,0,0,1,1,1,1,1,20,14,3,3,4.1774,13.6378,5.9267,8.2052,71.8198,48.5933,14.6654,9.4969,11.7793,78.7884,95.176,13.26,0,4.9502,19.0555,6.1164,11.505,10.6708,6.7527,5.8216,12.644,4.9502,0,0,15.5379,0,3.255,15.3896,0,33.758,2.3988,0,4.9502,10.4394,0,3.7887,4.4833,0,0,0,0,2.3988,8.3851,4.7976,4.4833,6.2026,0,0,0,0,0,4.7356,8.9438,2.3988,8.0551,4.7356,112.1385,60.7982,16.6571,14.1095,870.3336,26,"TCTGCCTATGGGTGAT",NA,"B4","MM-Salvage","2017","WL","T","1",0.437262189,"CB2","RecipientPost"
"MMS920",162,15,3,0,1,13,9,2,2,2,13,20,2,0,1,5,0,0,0,1,1,2,0,0,1,0,2,1,0,1,3,0,4,0,1,2,3,0,1,0,0,1,1,0,1,1,2,1,1,0,0,0,0,0,1,1,0,1,1,20,12,2,4,2.2551,10.694,0,4.0085,63.9497,36.7518,11.0673,9.8389,9.3733,83.7364,98.9019,9.4711,0,3.0954,24.0551,0,0,0,3.0954,6.3926,5.3505,0,2.2551,0,8.3209,0,3.0954,15.1007,0,11.0777,0,4.3124,12.3322,11.9439,0,4.3124,0,0,2.2551,2.2551,0,2.2551,6.0257,4.5102,3.0954,4.5633,0,0,0,0,0,5.2756,5.6455,0,6.2569,4.3124,89.4081,45.3915,10.9741,16.686,739.6418,27,"TCTGCCTATACTGTGC",NA,"C4","MM-Salvage","2017","WL","S","1",0.328338566,"CB2","RecipientPost"
"MMS921",198,21,4,2,2,21,9,2,3,2,15,22,4,0,1,5,1,1,1,1,1,3,0,0,0,1,2,1,0,1,3,0,4,0,0,2,3,1,1,0,0,0,0,0,1,1,2,1,1,0,0,0,0,0,1,1,1,1,1,25,17,2,3,1.4272,11.8501,8.2992,7.1221,105.8462,37.7878,8.8216,13.825,7.3663,86.1225,91.0722,17.2921,0,1.4272,25.1961,4.8087,1.4272,1.4272,2.6011,3.2397,17.7989,0,0,1.4272,6.4325,0,2.9555,13.7883,0,18.2227,0,0,15.6232,10.7697,2.6011,4.0182,0,0,0,0,0,2.1304,5.7828,4.3827,2.6011,4.0182,0,0,0,0,0,5.3166,2.1304,2.1304,4.0182,3.6808,116.0029,69.5794,10.217,11.9077,882.6755,28,"TCTGCCTAAGAGTGTG",NA,"D4","MM-Salvage","2017","WL","C","2",0.490300952,"CB2","RecipientPost"
"MMS922",177,18,3,1,0,16,12,2,3,3,14,19,2,0,1,5,1,0,2,1,0,0,1,0,0,0,2,0,1,0,3,0,2,0,1,2,3,1,0,1,0,0,2,0,0,1,2,1,0,1,0,0,0,0,1,1,1,1,1,22,17,3,3,0,10.587,3.2224,0,75.0083,48.1496,12.51,14.169,8.9838,80.9416,109.8508,12.5757,0,1.9175,26.7445,3.5983,0,3.835,3.2224,0,0,3.5983,0,0,6.8207,1.9175,0,17.6434,0,5.1399,0,4.7004,9.853,17.7153,7.7097,0,4.3536,0,0,7.9979,0,0,7.1565,4.6302,5.7489,0,8.6771,0,0,0,0,5.2138,2.7127,3.8962,7.6106,4.5374,113.7425,66.4012,14.4557,18.4647,849.3993,29,"TCTGCCTATCGATTGG",NA,"E4","MM-Salvage","2017","WL","T","2",0.480259476,"CB2","RecipientPost"
"MMS923",177,20,3,1,1,14,10,2,2,3,11,16,3,0,1,5,1,0,2,1,0,1,0,0,0,0,3,1,0,0,3,0,6,1,1,3,3,1,1,1,0,0,0,1,0,1,2,1,1,0,0,0,1,0,1,1,0,1,1,21,17,2,4,3.0255,11.466,3.0255,4.7004,63.9189,35.9897,10.9114,8.8202,12.9349,81.8336,85.6843,16.0666,0,3.0255,25.5733,6.6582,0,5.2181,6.6063,0,2.1926,0,0,0,11.4152,0,0,13.8708,0,21.8877,2.1926,4.4873,17.5585,11.7213,3.9341,3.9341,3.5502,0,0,0,2.1926,0,9.518,5.7428,5.7701,5.0506,0,0,0,5.3322,0,5.0506,3.0255,0,5.9475,4.4873,113.0284,71.3392,11.9172,21.6266,842.3766,30,"TCTGCCTATTGTGGAG",NA,"F4","MM-Salvage","2017","WL","S","2",1.212847525,"CB2","RecipientPost"
"MMS924",140,12,1,2,0,20,5,3,2,2,11,17,2,0,0,4,0,0,0,1,0,1,0,0,0,0,2,0,0,0,3,0,1,0,0,2,3,1,0,0,0,0,0,0,0,1,1,1,1,0,0,0,0,0,1,1,1,1,1,16,12,3,4,0,4.2289,19.1375,0,123.5643,18.4421,15.6509,9.5929,6.4721,73.5458,76.6766,18.4307,0,0,23.1636,0,0,0,2.7902,0,5.5951,0,0,0,7.9108,0,0,14.4669,0,2.7902,0,0,9.6356,14.6849,5.7617,0,0,0,0,0,0,0,7.0354,3.6819,3.6819,2.7902,0,0,0,0,0,4.2289,6.488,4.2289,6.899,2.7902,89.1397,53.4586,17.1281,15.8909,735.0458,31,"GAGATCGTCTCTCAAG",NA,"G4","MM-Salvage","2017","WL","C","3",0.485810561,"CB2","RecipientPost"
"MMS925",176,14,2,1,2,20,10,3,3,3,14,20,2,0,1,4,0,1,1,1,0,0,1,0,0,1,2,1,1,1,3,0,3,0,0,1,3,1,0,1,0,1,0,0,0,1,2,1,1,0,0,0,0,0,1,1,1,1,1,20,16,3,4,2.3127,8.7107,5.4806,6.3893,102.4346,36.368,10.1052,10.3839,12.6402,89.3824,98.8118,10.7764,0,2.3127,20.0238,0,2.3127,2.3127,2.3127,0,0,6.011,0,2.3127,8.458,2.3127,2.3127,11.2362,0,11.5177,0,0,2.3127,18.4555,4.0766,0,3.1597,0,3.1597,0,0,0,9.823,9.4797,5.1983,3.6898,0,0,0,0,0,4.6328,4.0766,4.6328,5.9194,5.1983,95.3658,85.1451,15.9186,18.3992,838.7926,32,"GAGATCGTAAGTCGGA",NA,"H4","MM-Salvage","2017","WL","T","3",0.664575047,"CB2","RecipientPost"
"MMS928",152,13,3,1,1,14,10,3,2,3,12,18,2,0,1,3,1,1,0,1,1,1,0,1,1,1,2,1,0,0,3,1,3,0,0,0,3,1,0,1,0,1,0,0,1,1,1,1,1,0,1,0,0,0,1,1,1,1,1,15,10,3,3,2.5265,10.5549,2.5265,4.3254,68.061,43.5148,14.3399,9.6143,12.5902,75.9508,98.2536,11.9064,0,2.5265,18.3039,3.9341,3.3956,0,4.3254,5.6034,5.1015,0,3.9341,7.9852,10.7436,0,0,15.6475,2.5265,8.9871,0,0,0,15.4372,2.5265,0,3.9341,0,2.5265,0,0,3.9341,7.7501,3.9341,3.9341,3.9341,0,9.383,0,0,0,5.6034,8.3435,2.5265,6.8491,3.9341,82.995,60.5215,16.1144,17.6156,771.1222,42,"ATGCTTGGTGGGTGAT",NA,"B6","MM-Salvage","2015","HH","O","1",1.707910443,NA,"RecipientPre"
"MMS929",173,19,3,1,2,13,12,2,3,3,11,17,2,0,1,4,1,1,4,1,0,1,1,0,0,1,2,0,1,0,3,1,4,0,1,1,3,1,1,1,0,1,1,0,0,1,2,1,1,0,1,0,0,0,1,1,1,1,1,17,15,2,3,0,13.5527,2.7507,5.8886,60.5769,53.1843,12.8406,13.0831,12.9325,78.5589,91.7267,14.5662,0,3.2624,23.5283,4.3962,5.9348,10.8371,3.6394,0,6.923,3.6394,0,1.9506,12.9222,2.7507,0,16.6231,1.9506,9.4912,0,6.923,1.9506,19.6913,6.2384,4.1852,6.1245,0,1.9506,1.9506,0,0,7.8824,6.5248,4.7435,6.1826,0,4.3962,0,0,0,6.0008,6.064,4.1852,8.4298,4.8901,79.9065,63.5303,12.6217,16.1661,831.6021,43,"ATGCTTGGTACTGTGC",NA,"C6","MM-Salvage","2015","HH","O","2",0.31802233,NA,"RecipientPre"
"MMS930",146,15,3,1,1,11,12,2,3,2,10,16,3,0,1,4,1,2,3,1,0,0,0,1,0,0,2,0,0,1,3,0,3,0,1,0,3,0,1,1,0,0,2,0,1,1,1,1,1,1,0,0,0,0,1,1,0,1,1,12,9,2,4,0,9.4916,2.4139,3.806,60.1213,61.0925,12.695,17.1892,12.7217,77.7565,80.0145,18.16,0,5.1551,25.2151,4.195,8.7163,14.9811,7.1244,0,0,0,0,0,14.4622,0,2.4139,20.1337,0,9.0228,0,7.3707,0,15.2612,0,5.1551,5.4689,0,0,18.0167,0,6.8812,7.8482,3.2717,4.7535,7.3707,3.806,0,0,0,0,7.0789,7.2113,0,10.819,4.5011,64.2292,47.1281,10.716,15.2438,787.4143,37,"GAGATCGTTCGATTGG",NA,"E5","MM-Salvage","2015","PS","O","2",0.775397752,NA,"RecipientPre"
"MMS931",151,13,3,0,0,11,14,2,3,3,10,16,1,1,1,5,1,1,4,1,0,0,0,0,0,0,3,0,1,0,3,1,5,1,0,0,3,1,1,1,0,1,0,1,1,1,2,1,0,0,0,0,0,1,1,1,0,1,1,13,9,3,3,0,10.9457,0,0,45.1218,86.8808,11.9942,10.0303,15.2189,71.279,77.5735,7.8732,2.2901,4.05,29.7903,5.6888,2.2901,27.4824,6.2275,0,0,0,0,0,12.0041,2.2901,0,16.1719,8.1939,14.5131,4.05,0,0,13.7322,4.6056,7.1,4.3544,0,2.2901,0,2.2901,3.6637,10.433,7.2959,4.6056,0,0,0,0,0,7.428,7.6951,2.2901,0,5.3187,4.6056,56.3449,39.0733,16.4889,16.084,743.1335,6,"ATCCCGTATTGTGGAG",NA,"F1","MM-Salvage","2015","PS","O","1",0.668029966,NA,"RecipientPre"
"MMS932",144,14,2,0,1,13,15,2,3,3,10,17,2,0,0,4,1,0,4,1,0,1,1,0,0,0,3,0,0,0,3,0,5,0,0,1,3,1,2,1,0,0,0,0,0,1,1,1,0,0,1,0,0,0,1,1,0,1,1,11,6,2,3,0,8.1299,0,5.9751,61.2721,84.0613,14.1318,15.8491,12.3538,68.2502,82.2683,12.8098,0,0,26.7882,3.9341,0,21.0268,2.5265,0,2.5265,2.5265,0,0,12.8976,0,0,15.6385,0,19.9889,0,0,3.3956,14.2516,2.5265,8.1299,5.4547,0,0,0,0,0,8.794,2.5265,4.6328,0,0,8.794,0,0,0,6.9636,2.5265,0,6.0804,3.9341,56.4543,32.7338,9.2571,14.2568,729.5796,45,"ATGCTTGGTCGATTGG",NA,"E6","MM-Salvage","2015","PS","O","4",0.775397752,NA,"RecipientPre"
"MMS938",141,7,2,1,2,12,11,3,3,2,9,16,2,1,1,3,1,3,4,1,1,0,1,1,0,0,2,0,0,1,3,0,6,1,1,1,3,1,0,1,0,1,0,0,0,1,1,0,1,0,0,0,0,0,1,1,0,1,1,13,8,2,3,0,8.9031,2.4985,10.5922,51.2361,43.727,13.1373,12.3426,8.1955,66.0988,77.8075,13.101,2.4985,5.2559,16.9229,3.9024,16.727,12.5932,7.5827,3.3649,0,2.4985,0,0,8.7557,0,5.2559,13.1865,0,42.5233,3.3649,2.4985,2.4985,15.919,3.3649,0,4.6003,0,7.036,0,0,0,7.0862,2.4985,0,6.5549,0,0,0,0,0,4.8533,6.8154,0,8.7755,2.4985,62.6125,31.0689,10.604,11.7072,684.6452,34,"GAGATCGTTGGGTGAT",NA,"B5","MM-Salvage","2015","DS","O","1",1.673079829,NA,"Donor"
"MMS939",147,14,4,1,2,13,8,3,3,3,10,17,2,0,1,5,1,2,0,0,1,1,0,0,0,0,2,1,1,1,3,0,4,0,1,0,3,1,2,0,0,1,0,0,1,1,0,1,1,0,0,0,0,0,1,0,0,1,1,16,8,2,3,2.8349,16.7362,2.8349,7.8202,62.7773,43.2131,14.4111,21.2025,16.329,72.4983,86.4397,9.922,0,4.2783,33.7527,3.7301,9.0564,0,0,4.2783,2.8349,0,0,0,9.2636,2.8349,2.8349,15.7099,0,19.8973,0,4.2783,0,20.5448,4.2783,12.3861,0,0,6.7183,0,0,2.8349,7.3265,0,3.7301,5.4576,0,0,0,0,0,6.0977,0,0,6.5395,3.7301,80.7579,38.3945,11.2619,13.4225,768.5319,35,"GAGATCGTTACTGTGC",NA,"C5","MM-Salvage","2015","DS","O","2",1.518802467,NA,"Donor"
"MMS942",132,15,2,0,2,11,12,2,1,3,10,12,3,0,1,4,1,0,3,0,0,0,0,1,0,0,2,0,1,1,3,0,3,0,1,1,3,0,0,1,0,0,0,1,1,1,2,0,1,0,1,0,0,0,1,0,0,1,1,9,8,2,3,0,8.5857,0,10.6667,71.9441,57.0589,9.9671,2.9726,15.8019,65.5945,54.6613,17.3027,0,2.9726,22.9993,2.9726,0,16.1949,0,0,0,0,0,0,9.2732,2.9726,2.9726,15.5116,0,11.9143,0,5.1394,12.874,16.297,0,0,4.4295,0,0,0,9.7434,3.8776,10.392,10.2788,0,6.2544,0,5.9691,0,0,0,5.3956,0,0,7.4282,5.1394,44.1159,40.5841,8.7053,14.3184,684.4317,38,"GAGATCGTTTGTGGAG",NA,"F5","MM-Salvage","2015","PS","O","3",0.668029966,NA,"RecipientPre"
"MMS943",172,23,3,0,2,11,10,2,3,2,12,15,3,2,1,3,1,2,4,1,1,2,0,1,0,0,2,0,1,2,3,0,6,1,2,1,2,1,0,1,0,0,0,0,0,1,2,1,1,0,0,1,0,0,1,1,0,1,1,15,14,2,3,0,8.81,0,4.1798,57.4732,37.1426,9.8272,10.6688,8.6846,63.699,74.62,17.7772,11.0998,4.1116,14.9094,5.7311,9.8427,12.1583,6.0476,2.0899,21.8966,0,0,0,8.1872,4.3606,6.7201,10.8317,0,29.9775,2.0899,9.6342,2.0899,9.3144,5.0692,0,4.1116,0,0,0,0,0,8.352,10.1776,3.8104,4.573,0,0,2.0899,0,0,4.3606,2.0899,0,9.2759,3.4292,78.0363,70.3585,10.2128,11.9976,828.0527,44,"ATGCTTGGAGAGTGTG",NA,"D6","MM-Salvage","2015","WL","O","6",0.739279162,NA,"RecipientPre"
"MMS944",140,15,2,0,1,11,9,2,2,3,10,15,2,0,1,4,1,1,3,1,1,2,0,0,0,0,3,0,0,2,3,0,4,0,0,3,3,0,1,0,0,0,0,0,1,1,1,1,0,0,0,0,0,0,1,1,0,1,1,13,8,3,3,0,10.4569,0,5.7924,49.7596,40.1146,11.5886,11.6307,14.4624,82.9441,80.2216,14.9713,0,3.8684,24.7583,5.6034,6.2447,8.892,4.8182,3.8684,5.928,0,0,0,12.1569,0,7.3841,17.8216,0,15.519,0,0,8.892,16.5644,0,8.1288,0,0,0,0,0,2.964,7.0252,3.8684,5.386,0,0,0,0,0,0,2.964,3.8684,0,7.2352,5.1298,71.8461,41.906,16.2222,13.1765,725.9441,46,"ATGCTTGGTTGTGGAG",NA,"F6","MM-Salvage","2015","DS","O","5",0.678802467,NA,"Donor"
